,,公開日/リリース日など,アーティスト名,タイトル,ブラウザでアクセスするページのURL,"タグ rec, mix, mastering",,,
sURL,Image URL,Release Date,Artist,Title,Url,Tags,Layout,Image,Contents
https://www.arte-refact.com/works/29372/,https://www.arte-refact.com/wp-core/wp-content/uploads/2026/03/HCsezu6asAALHfO-scaled.jpeg,2026-03-06,ガールズ＆パンツァー もっとらぶらぶ作戦です！,『ガールズ＆パンツァー もっとらぶらぶ作戦です！』第三幕 第7話ED「いいえ！もっとLOVEでしょう？ ～Can't Stop Tank Love～」,girls-und-panzer-motto-love-love-sakusen-desu-3rd-ed,mix,,,
https://www.arte-refact.com/works/29303/,https://www.arte-refact.com/wp-core/wp-content/uploads/2026/02/2512211800-yh-009.jpg,2026-03-05,IXIS,IXIS デビューミニアルバム「Roots of」,ixis-debut-mini-album-roots-of,mix,,,
https://www.arte-refact.com/works/29363/,https://www.arte-refact.com/wp-core/wp-content/uploads/2026/03/HCfGNDWa0AALD0--scaled.jpeg,2026-03-03,兎咲ミミ,ぶいすぽっ！/ 兎咲ミミ「青いまま」,vspo-usagi-saki-mimi-aoi-mama,mix,,,
https://www.arte-refact.com/works/29283/,https://www.arte-refact.com/wp-core/wp-content/uploads/2026/02/G7ilBRlaMAA0eYs.jpeg,2026-02-11,天狼群,TVアニメ『ばっどがーる』天狼群 1st Single「AWAKE／オオカミ・ザ・ライトニング」,bad-girl-tenrou-gun-1st-single-awake-ookami-the-lightning,mix,,,
https://www.arte-refact.com/works/29277/,https://www.arte-refact.com/wp-core/wp-content/uploads/2026/02/ap2_3_h1_cmyk_tsujo_re-1024x1024-1.jpg,2026-02-11,,TVアニメ『ひみつのアイプリ リング編』キャラクターソングミニアルバム　VERSE IN SONG 03 DX,aipri-ring-character-song-mini-album-verse-in-song-03-dx,mix,,,
https://www.arte-refact.com/works/29221/,https://www.arte-refact.com/wp-core/wp-content/uploads/2026/01/711JcH-WwqL._AC_SL1200_.jpg,2026-01-21,澤村光彩,澤村光彩 1st Album「Eternal Star」,sawamura-kousai-1st-album-eternal-star,mix,,,
https://www.arte-refact.com/works/25795/,https://www.arte-refact.com/wp-core/wp-content/uploads/2025/09/Gza256Ca4AAs8zH.jpeg,2026-01-11,,TVアニメ『ひみつのアイプリ リング編』第91話挿入歌「レジェンド・ストーリー!!!!」,aipri-ring-episode-91-insert-song-legend-story,mix,,,
https://www.arte-refact.com/works/28931/,https://www.arte-refact.com/wp-core/wp-content/uploads/2025/12/202512181232330.jpg,2025-12-21,IXIS,IXIS「STARTLINE！」,ixis-startline,"mix, master",,,
https://www.arte-refact.com/works/28889/,https://www.arte-refact.com/wp-core/wp-content/uploads/2025/12/G52eNeGbkAA28Uy.jpg,2025-12-26,ガールズ＆パンツァー もっとらぶらぶ作戦です！,西住みほ(CV:渕上舞)『おやすみなさいの続きです！』,girls-und-panzer-motto-love-love-sakusen-desu-ed-theme,mix,rect-v,,"<iframe width=""560"" height=""315"" src=""https://www.youtube.com/embed/2eC4puVHEBg?si=KBKpiz1kXwwFMmDi"" title=""YouTube video player"" frameborder=""0"" allow=""accelerometer; autoplay; clipboard-write; encrypted-media; gyroscope; picture-in-picture; web-share"" referrerpolicy=""strict-origin-when-cross-origin"" allowfullscreen></iframe>"
https://www.arte-refact.com/works/28895/,https://www.arte-refact.com/wp-core/wp-content/uploads/2025/12/c2525633-16ff-48d4-b37b-725d0957c542.png,2025-12-24,夢限大みゅーたいぷ,夢限大みゅーたいぷ 1st Album「プログレス サイン」,mugendai-mewtype-1st-album-progress-sign,mix,,,
https://www.arte-refact.com/works/28919/,https://www.arte-refact.com/wp-core/wp-content/uploads/2025/12/G8YRmfnaEAA-l9y.jpg,2025-12-18,,『エリオスライジングヒーローズ』第5部主題歌「LIGHT IN YOUR EYES」,helios-rising-heroes-season-5-theme-light-in-your-eyes,mix,,,
https://www.arte-refact.com/works/28508/,https://www.arte-refact.com/wp-core/wp-content/uploads/2025/11/51adlsCiquL._AC_SL1000_.jpg,2025-11-26,,古川慎 8th Single「そこに有る灯り」,furukawa-makoto-8th-single-soko-ni-aru-akari,mix,,,
https://www.arte-refact.com/works/28549/,https://www.arte-refact.com/wp-core/wp-content/uploads/2025/11/G24qQ4wbYAADrCD.jpg,2025-11-26,,TVアニメ『ひみつのアイプリ リング編』キャラクターソングミニアルバム　VERSE IN SONG 02 DX,tv-anime-himitsu-no-aipri-ring-hen-verse-in-song-02-dx,mix,,,
https://www.arte-refact.com/works/28537/,https://www.arte-refact.com/wp-core/wp-content/uploads/2025/11/91ZePfbgLUL._AC_SL1500_.jpg,2025-11-19,,あんさんぶるスターズ！！ / Special for Princess!『メランコリーを駆け抜けろ♥』,ensemble-stars-special-for-princess-melancholy-wo-kakenukero,mix,,,
https://www.arte-refact.com/works/28543/,https://www.arte-refact.com/wp-core/wp-content/uploads/2025/11/G54oR5UaAAEM73b-scaled.jpg,2025-11-18,,『ぴゅあくる刀剣男士』 Ghostella デジタルシングル「Roundabout」,pure-kuru-touken-danshi-ghostella-roundabout,mix,,,
https://www.arte-refact.com/works/28157/,https://www.arte-refact.com/wp-core/wp-content/uploads/2025/10/resize_image-1.jpg,2025-11-15,,"ぶいすぽっ！「VSPO! Songs Collection ""DIAMOND in the ROUGH""」",vspo-songs-collection-diamond-in-the-rough,mix,,,
https://www.arte-refact.com/works/28534/,https://www.arte-refact.com/wp-core/wp-content/uploads/2025/11/G5uV3iBaQAAXJYL.jpg,2025-11-15,,『eガールズ&パンツァー 最終章』デジタルシングル「有彩コンチェルト / Check Make Mate」,girls-und-panzer-final-chapter-yusai-concerto-check-make-mate,mix,,,
https://www.arte-refact.com/works/28504/,https://www.arte-refact.com/wp-core/wp-content/uploads/2025/11/G2LwTvcaIAMeUvU.jpg,2025-11-12,,岡田奈々 3rd Album「Unformel」,okada-nana-3rd-album-unformel,mix,,,
https://www.arte-refact.com/works/28363/,https://www.arte-refact.com/wp-core/wp-content/uploads/2025/10/E38090E383AAE382B5E382A4E382BAE38091RISE-STARS-SPIRITS.jpg,2025-11-01,,『エリオスライジングヒーローズ』×『あんさんぶるスターズ！！』コラボ楽曲「RISE STAR'S SPIRITS」,helios-rising-heroes-x-ensemble-stars-rise-stars-spirits,mix,,,
https://www.arte-refact.com/works/28249/,https://www.arte-refact.com/wp-core/wp-content/uploads/2025/10/51OMPepveZL._AC_SL1000_.jpg,2025-10-29,,にじさんじ / Nornis 3rd Single「Prologue」初回限定盤,nijisanji-nornis-3rd-single-prologue,mix,,,
https://www.arte-refact.com/works/28360/,https://www.arte-refact.com/wp-core/wp-content/uploads/2025/10/G4Me6wva8AAvQ24.jpg,2025-10-27,,エリオスライジングヒーローズ 4周年記念楽曲「WELCOME TO OUR SPECIAL PARADE!」,helios-rising-heroes-4th-anniversary-welcome-to-our-special-parade,mix,,,
https://www.arte-refact.com/works/28357/,https://www.arte-refact.com/wp-core/wp-content/uploads/2025/10/G4CMGUwXcAA65zC.jpg,2025-10-25,,あんさんぶるスターズ！！Bright me up!! / MELLOW DEAR US「Mellow Addiction」,ensemble-stars-bright-me-up-mellow-dear-us-mellow-addiction,mix,,,
https://www.arte-refact.com/works/28354/,https://www.arte-refact.com/wp-core/wp-content/uploads/2025/10/G4CMGUaWsAAG140.jpg,2025-10-25,,あんさんぶるスターズ！！Bright me up!! / MELLOW DEAR US「Dear World」,ensemble-stars-bright-me-up-mellow-dear-us-dear-world,mix,,,
https://www.arte-refact.com/works/28134/,https://www.arte-refact.com/wp-core/wp-content/uploads/2025/10/PCCG-02463_SCCG-00176.jpg,2025-10-15,,鬼頭明里 3rd Album「Journey」,kitou-akari-3rd-album-journey,mix,,,
https://www.arte-refact.com/works/28224/,https://www.arte-refact.com/wp-core/wp-content/uploads/2025/10/G1CaZtQbAAAUmlz-scaled.jpg,2025-10-15,,『アイカツ！×プリパラ THE MOVIE -出会いのキセキ！-』ボーカルアルバム -プリパラ ver.-,aikatsu-x-pripara-the-movie-vocal-album-pripara-ver,mix,,,
https://www.arte-refact.com/works/28234/,https://www.arte-refact.com/wp-core/wp-content/uploads/2025/10/zubyxDrmlg0aoxDO4zb645q8IekndbkagamIuaHMAlLUlf3uSv1fYRyodETLQBSo.jpg,2025-10-13,,アニメ『ワンパンマン』第3期 ED主題歌「そこに有る灯り」,one-punch-man-season-3-ed-theme-soko-ni-aru-akari,"mix, master",,,
https://www.arte-refact.com/works/27188/,https://www.arte-refact.com/wp-core/wp-content/uploads/2025/07/Gv9jBjxWIAASZMO-scaled.jpg,2025-10-10,,映画『アイカツ！×プリパラ THE MOVIE -出会いのキセキ！-』 メインテーマ「ハッピーチューニング」、エンディングテーマ「プリティー×アクティビティ」,aikatsu-x-pripara-the-movie-happy-tuning-pretty-activity,mix,,,
https://www.arte-refact.com/works/28907/,https://www.arte-refact.com/wp-core/wp-content/uploads/2025/12/Gz1_TijacAAsh4U.jpg,2025-09-26,,『初桜』桜小路ルナ Special Character Song CD&Music Video Collection,hatsuzakura-sakurakoji-luna-special-character-song-cd,mix,,,
https://www.arte-refact.com/works/28029/,https://www.arte-refact.com/wp-core/wp-content/uploads/2025/09/resize_image.jpg,2025-09-24,,TVアニメ『ばっどがーる』 天狼群 1stアルバム「KING OF EVIL」,tv-anime-bad-girl-tenrou-gun-1st-album-king-of-evil,mix,,,
https://www.arte-refact.com/works/28009/,https://www.arte-refact.com/wp-core/wp-content/uploads/2025/09/GzAWUioboAAsAce.jpg,2025-09-24,,TVアニメ『ひみつのアイプリ リング編』キャラクターソングミニアルバム　VERSE IN SONG 01 DX,tv-anime-himitsu-no-aipri-ring-hen-verse-in-song-01-dx,mix,,,
https://www.arte-refact.com/works/25795/,https://www.arte-refact.com/wp-core/wp-content/uploads/2025/09/Gza256Ca4AAs8zH.jpg,2025-09-21,,TVアニメ『ひみつのアイプリ リング編』第76話挿入歌「ミライのプリンセス」,tv-anime-himitsu-no-aipri-ring-hen-mirai-no-princess,mix,,,
https://www.arte-refact.com/works/27674/,https://www.arte-refact.com/wp-core/wp-content/uploads/2025/09/79c1a6fd-3d2a-4d41-9655-68a08f345d15.jpg,2025-09-03,,夢限大みゅーたいぷ 3rd Single「真夜中遊園地」,mugendai-mewtype-3rd-single-mayonaka-yuenchi,mix,,,
https://www.arte-refact.com/works/27261/,https://www.arte-refact.com/wp-core/wp-content/uploads/2025/08/81qi1QMotmL._AC_SL1500_.jpg,2025-08-27,,TVアニメ『ひみつのアイプリ』ミュージックコレクション DX,tv-anime-himitsu-no-aipri-music-collection-dx,mix,,,
https://www.arte-refact.com/works/27285/,https://www.arte-refact.com/wp-core/wp-content/uploads/2025/08/GyjJWiYbUAAmBbr.jpg,2025-08-17,,『ソニックレーシング クロスワールド』 Crazy Raccoon コラボ楽曲「No.1」,sonic-racing-crossworld-crazy-raccoon-no-1,mix,,,
https://www.arte-refact.com/works/28366/,https://www.arte-refact.com/wp-core/wp-content/uploads/2025/10/GxqN6F0awAEa_oz.jpg,2025-08-06,,『エリオスライジングヒーローズ』第4部3章EDテーマ「STARGAZING」,helios-rising-heroes-season-4-chapter-3-ed-theme-stargazing,mix,,,
https://www.arte-refact.com/works/27232/,https://www.arte-refact.com/wp-core/wp-content/uploads/2025/08/61326fcf826f9964baaf29ab9cc28882b0d6e3c5_687928a079018-scaled.jpg,2025-08-01,,岡田奈々「インコンプリート」,okada-nana-incomplete,mix,,,
https://www.arte-refact.com/works/27220/,https://www.arte-refact.com/wp-core/wp-content/uploads/2025/07/GxGWnATbwAAVk1I-scaled.jpg,2025-07-30,,"『メメントモリ』""ルミカ""ラメント「lumière」",memento-mori-rumika-lament-lumiere,mix,,,
https://www.arte-refact.com/works/27197/,https://www.arte-refact.com/wp-core/wp-content/uploads/2025/07/jacket_0001.jpg,2025-07-28,,オンゲキ7周年記念楽曲「パピプペPopping！Talk！」,ongeki-7th-anniversary-papipupe-popping-talk,mix,,,
https://www.arte-refact.com/works/27122/,,2025-07-23,Limtity,ドラマCD『幕が下りたら僕らは番 2』,drama-cd-maku-ga-oritara-bokura-wa-tsugai-2,"mix, master",,,
https://www.arte-refact.com/works/27182/,https://www.arte-refact.com/wp-core/wp-content/uploads/2025/07/resize_image-1.jpeg,2025-07-18,天狼群,TVアニメ『ばっどがーる』 天狼群 1stアルバムリード曲「KING OF EVIL」,tv-anime-bad-girl-tenrou-gun-1st-album-lead-king-of-evil,mix,,,
https://www.arte-refact.com/works/27193/,https://www.arte-refact.com/wp-core/wp-content/uploads/2025/07/GvVlTFrXEAAv7nh-scaled.jpeg,2025-07-09,GRe4N BOYZ,GRe4N BOYZ「アカキ群青」,gre4n-boyz-akaki-gunjou,mix,,,
https://www.arte-refact.com/works/27146/,,2025-07-23,,『HELIOS Rising Heroes』主題歌 Vol.4 「Sing out to the Dawn」,helios-rising-heroes-theme-song-vol-4-sing-out-to-the-dawn,mix,,,
https://www.arte-refact.com/works/27143/,,2025-07-06,,TVアニメ『ゲーセン少女と異文化交流』 OPテーマ「ふたりのスタートボタン」／ EDテーマ「Amusing Flavor」,tv-anime-game-center-shoujo-to-ibunka-kouryuu-op-ed-theme,mix,,,
https://www.arte-refact.com/works/27131/,,2025-07-03,,ホロライブゲーマーズ「To Be Continued….」,hololive-gamers-to-be-continued,mix,,,
https://www.arte-refact.com/works/27110/,,2025-06-30,,GRe4N BOYZ「アイノカタチ」,gre4n-boyz-ai-no-katachi,mix,,,
https://www.arte-refact.com/works/27103/,,2025-06-25,,サンリオキャラクターソングカヴァーアルバム第２弾『My Bestie Voice Collection with Sanrio characters II』,sanrio-character-song-cover-album-vol-2-my-bestie-voice-collection-with-sanrio-characters-ii,mix,,,
https://www.arte-refact.com/works/27082/,https://www.arte-refact.com/wp-core/wp-content/uploads/2025/06/71DuVasDY5L._UF10001000_QL80_.jpg,2025-06-25,,『HELIOS Rising Heroes』THIRD SEASON 「Overflow」 ENDING THEME,helios-rising-heroes-third-season-overflow-ending-theme,mix,,,
https://www.arte-refact.com/works/27029/,https://www.arte-refact.com/wp-core/wp-content/uploads/2025/05/71gPihqKVQL._AC_SL1000_.jpg,2025-06-18,,古川慎 2nd ミニアルバム「Catch Me If You Can」,furukawa-makoto-2nd-mini-album-catch-me-if-you-can,"mix, master",,,
https://www.arte-refact.com/works/27048/,https://www.arte-refact.com/wp-core/wp-content/uploads/2025/06/DjTwpBIQh2Xgu7C.jpg,2025-05-31,,天音かなた「セルフサービス」,amane-kanata-self-service,mix,,,
https://www.arte-refact.com/works/26830/,https://www.arte-refact.com/wp-core/wp-content/uploads/2025/05/GrcljDnaoAA9acv-scaled.jpg,2025-05-22,,江口拓也「ダ x ダ x ダ」,eguchi-takuya-da-da-da,master,,,
https://www.arte-refact.com/works/26824/,https://www.arte-refact.com/wp-core/wp-content/uploads/2025/05/GrSUUzDWgAADtCP-scaled.jpg,2025-05-20,,"RealRomantic Digital Release ""AURA""",realromantic-digital-release-aura,mix,,,
https://www.arte-refact.com/works/26816/,https://www.arte-refact.com/wp-core/wp-content/uploads/2025/05/103950_174047009582919800.jpg,2025-05-18,,古川慎「Catch Me If You Can」,furukawa-makoto-catch-me-if-you-can,"mix, master",,,
https://www.arte-refact.com/works/26104/,https://www.arte-refact.com/wp-core/wp-content/uploads/2025/04/xvj68QyRJ2sbbceQ.jpg,2025-05-11,,"TVアニメ『ばっどがーる』天狼群 2nd Digital Single「彼女の""Modern…""」",tv-anime-bad-girl-tenrou-gun-2nd-digital-single-kanojo-no-modern,mix,,,
https://www.arte-refact.com/works/26430/,https://www.arte-refact.com/wp-core/wp-content/uploads/2025/04/71YDv5qd5VL._AC_SL1000_.jpg,2025-04-30,,夢限大みゅーたいぷ 2nd Single「Hi-Vision」,mugendai-mewtype-2nd-single-hi-vision,mix,,,
https://www.arte-refact.com/works/27013/,https://www.arte-refact.com/wp-core/wp-content/uploads/2025/05/fit_600_IMG_0001_CD-JAKET.jpg,2025-04-28,,Pyxis「私たちの合言葉」,pyxis-watashitachi-no-aikotoba,master,,,
https://www.arte-refact.com/works/26313/,https://www.arte-refact.com/wp-core/wp-content/uploads/2025/04/GnVjZrUawAAj4lR.jpg,2025-04-16,,RealRomantic 1st EP ＜BLOOMING＞,realromantic-1st-ep-blooming,mix,,,
https://www.arte-refact.com/works/26316/,https://www.arte-refact.com/wp-core/wp-content/uploads/2025/04/GogLfqOWwAEE1PP-scaled.jpg,2025-04-15,,"RealRomantic Digital Release ""ROMANTIC SEVEN""",realromantic-digital-release-romantic-seven,mix,,,
https://www.arte-refact.com/works/26308/,https://www.arte-refact.com/wp-core/wp-content/uploads/2025/04/GoAaIUZbwAMtudr.jpg,2025-04-09,,マンガ『ガールクラッシュ』スペシャルPV,manga-girl-crush-special-pv,mix,,,
https://www.arte-refact.com/works/26321/,https://www.arte-refact.com/wp-core/wp-content/uploads/2025/04/Gnx0_HcbYAEDydE-scaled.jpg,2025-04-06,,GRe4N BOYZ「天使と悪魔」,gre4n-boyz-tenshi-to-akuma,master,,,
https://www.arte-refact.com/works/25795/,https://www.arte-refact.com/wp-core/wp-content/uploads/2025/04/GkxqXClaoAEGl5p.jpg,2025-04-06,,TVアニメ『ひみつのアイプリ』第52話挿入歌「キズナ×リンク」,tv-anime-himitsu-no-aipri-episode-52-insert-song-kizuna-link,mix,,,
https://www.arte-refact.com/works/26091/,https://www.arte-refact.com/wp-core/wp-content/uploads/2025/04/angelsladder.png,2025-04-02,,不知火フレア「薄明光線」,shiranui-flare-hakumei-kosen,mix,,,
https://www.arte-refact.com/works/26020/,https://www.arte-refact.com/wp-core/wp-content/uploads/2025/03/GcQMGsmaAAAsFdw-scaled.jpg,2025-04-02,,TVアニメ『履いてください、鷹峰さん』EDテーマ / 古川慎「Hightail it」,tv-anime-haitekudasai-takamine-san-ed-theme-furukawa-makoto-hightail-it,mix,,,
https://www.arte-refact.com/works/26014/,https://www.arte-refact.com/wp-core/wp-content/uploads/2025/03/GjKRlTqbIAEdzLp.jpg,2025-03-26,,TVアニメ『ひみつのアイプリ』キャラクターソングミニアルバム VERSE IN SONG 03,tv-anime-himitsu-no-aipri-character-song-mini-album-verse-in-song-03,mix,,,
https://www.arte-refact.com/works/26037/,https://www.arte-refact.com/wp-core/wp-content/uploads/2025/03/GmVC-zEa8AE_j0Q-scaled.jpg,2025-03-19,,GRe4N BOYZ「スピード」,gre4n-boyz-speed,master,,,
https://www.arte-refact.com/works/25905/,https://www.arte-refact.com/wp-core/wp-content/uploads/2025/03/GjvQdZGacAAEC3o.jpg,2025-03-19,,TVアニメ『甘神さんちの縁結び』キャラクターソングミニアルバム「Pray Pray Pray」,tv-anime-amagami-san-chi-no-enmusubi-character-song-mini-album-pray-pray-pray,mix,,,
https://www.arte-refact.com/works/26029/,https://www.arte-refact.com/wp-core/wp-content/uploads/2025/03/4ed1633271e15b7276522a7343d78f03.jpg,2025-03-07,,羽多野渉 カヴァーアルバム『Remembrance』,hatano-wataru-cover-album-remembrance,mix,,,
https://www.arte-refact.com/works/25867/,https://www.arte-refact.com/wp-core/wp-content/uploads/2025/02/Imdifficultbutloveme.png,2025-03-02,,桃鈴ねね「LOVE受信、ヒクツ発信」,momosuzu-nene-love-jushin-hikutsu-hasshin,mix,,,
https://www.arte-refact.com/works/25779/,https://www.arte-refact.com/wp-core/wp-content/uploads/2025/01/GgvVNc6a4AAvxkG.jpg,2025-02-26,,『あんさんぶるスターズ！！IDOL SONG CD 「Debut」 Special for Princess!』,ensemble-stars-idol-song-cd-debut-special-for-princess,mix,,,
https://www.arte-refact.com/works/25776/,https://www.arte-refact.com/wp-core/wp-content/uploads/2025/01/61bxhjRrbcL._AC_SL1500_.jpg,2025-02-26,,TRUE ベストアルバム「TRUE the BEST」,true-best-album-true-the-best,mix,,,
https://www.arte-refact.com/works/25830/,https://www.arte-refact.com/wp-core/wp-content/uploads/2025/02/GdyQ0ZEaEAA6yJp.jpg,2025-02-26,,Astro Dive「Astro Dive First Message -我楽多KING-」,astro-dive-astro-dive-first-message-garaku-king,mix,,,
https://www.arte-refact.com/works/25810/,https://www.arte-refact.com/wp-core/wp-content/uploads/2025/02/91n5VYszVzL._AC_SL1500_.jpg,2025-02-12,,そらる 6thアルバム『ユメトキ』,soraru-6th-album-yume-toki,mix,,,
https://www.arte-refact.com/works/25820/,https://www.arte-refact.com/wp-core/wp-content/uploads/2025/02/GjE1xvrbIAIKbyj-scaled.jpg,2025-02-07,,夢限大みゅーたいぷ デジタルシングル「TRASH LIFE 」,mugen-dai-mu-type-digital-single-trash-life,mix,,,
https://www.arte-refact.com/works/25761/,https://www.arte-refact.com/wp-core/wp-content/uploads/2025/01/338368ade7b95e60eecd670f100a9208.jpg,2025-01-29,,Astro Dive「Astro Dive First Message -LMLMM×××♡-」,astro-dive-astro-dive-first-message-lmlmm-xxx,mix,,,
https://www.arte-refact.com/works/25770/,https://www.arte-refact.com/wp-core/wp-content/uploads/2025/01/GiE_rDXbYAAt0bW-scaled.jpg,2025-01-26,,大神ミオ『Colorful Universe』,ookami-mio-colorful-universe,mix,,,
https://www.arte-refact.com/works/25758/,https://www.arte-refact.com/wp-core/wp-content/uploads/2025/01/302405003512.jpg,2025-01-24,,TVアニメ『VTuberなんだが配信切り忘れたら伝説になってた』Blu-ray&DVD Vol.3 封入特典「エンディングテーマソングCD Vol.3」,tv-anime-vtuber-nandaga-haishin-kiri-wasuretara-densetsu-ni-natteta-blu-ray-dvd-vol-3-ending-theme-song-cd-vol-3,mix,,,
https://www.arte-refact.com/works/25744/,https://www.arte-refact.com/wp-core/wp-content/uploads/2025/01/71s4M-szBL._AC_SL1000_.jpg,2025-01-22,,星街すいせい 3rd Album『新星目録』,hoshimachi-suisei-3rd-album-shinsei-mokuroku,mix,,,
https://www.arte-refact.com/works/25670/,https://www.arte-refact.com/wp-core/wp-content/uploads/2025/01/resize_image-1.jpg,2025-01-15,,"白上フブキ 1stアルバム 『FBKINGDOM ""Blessing""』",shirakami-fubuki-1st-album-fbkingdom-blessing,mix,,,
https://www.arte-refact.com/works/25728/,https://www.arte-refact.com/wp-core/wp-content/uploads/2025/01/maxresdefault-1.jpg,2025-01-11,,凪原涼菜「Albus」,nagihara-ryona-albus,mix,,,
https://www.arte-refact.com/works/25355/,https://www.arte-refact.com/wp-core/wp-content/uploads/2024/12/GZnrBymbkAA2Rc0.jpg,2024-12-25,,TVアニメ『ひみつのアイプリ』キャラクターソングミニアルバム VERSE IN SONG 02,tv-anime-himitsu-no-aipri-character-song-mini-album-verse-in-song-02,mix,,,
https://www.arte-refact.com/works/25341/,https://www.arte-refact.com/wp-core/wp-content/uploads/2024/12/resize_image-4.jpg,2024-12-25,,Astro Dive「Astro Dive First Message – Twi■■light -」,astro-dive-astro-dive-first-message-twilight,mix,,,
https://www.arte-refact.com/works/25358/,https://www.arte-refact.com/wp-core/wp-content/uploads/2024/12/302405003507.jpg,2024-12-25,,TVアニメ『VTuberなんだが配信切り忘れたら伝説になってた』Blu-ray&DVD Vol.2 封入特典「エンディングテーマソングCD Vol.2」,tv-anime-vtuber-nandaga-haishin-kiri-wasuretara-densetsu-ni-natteta-blu-ray-dvd-vol-2-ending-theme-song-cd-vol-2,mix,,,
https://www.arte-refact.com/works/25338/,https://www.arte-refact.com/wp-core/wp-content/uploads/2024/12/f5c87abb-981b-4453-af65-f1f5d274ac39.jpg,2024-12-25,,夢限大みゅーたいぷ 1st Single「コミュ着火Fire!」,mugen-dai-mu-type-1st-single-commu-chakka-fire,mix,,,
https://www.arte-refact.com/works/25505/,https://www.arte-refact.com/wp-core/wp-content/uploads/2024/12/hq720.jpg,2024-12-24,,白上フブキ「ストーリーテラー」,shirakami-fubuki-storyteller,mix,,,
https://www.arte-refact.com/works/25317/,https://www.arte-refact.com/wp-core/wp-content/uploads/2024/12/GefQGgBacAACOJ5-scaled.jpg,2024-12-09,,RealRomantic 先行配信楽曲「BLOOMING」,realromantic-senko-haishin-gakkyoku-blooming,mix,,,
https://www.arte-refact.com/works/24935/,https://www.arte-refact.com/wp-core/wp-content/uploads/2024/11/Gc83NEYaAAMtD0-.jpg,2024-12-04,,アニメ『夜は猫といっしょ』第3期　主題歌「愛さずにはいられない」,anime-yoru-wa-neko-to-issho-season-3-theme-song-aisazu-ni-wa-irarenai,mix,,,
https://www.arte-refact.com/works/24701/,https://www.arte-refact.com/wp-core/wp-content/uploads/2024/11/302405003506.jpg,2024-11-27,,TVアニメ『VTuberなんだが配信切り忘れたら伝説になってた』Blu-ray&DVD Vol.1 封入特典「エンディングテーマソングCD Vol.1」,tv-anime-vtuber-nandaga-haishin-kiri-wasuretara-densetsu-ni-natteta-blu-ray-dvd-vol-1-ending-theme-song-cd-vol-1,mix,,,
https://www.arte-refact.com/works/24716/,https://www.arte-refact.com/wp-core/wp-content/uploads/2024/11/71RNqArYKKL._AC_SL1000_.jpg,2024-11-27,,岡田奈々 2nd Album「Contrust」収録曲のミックスを担当。,okada-nana-2nd-album-contrast,mix,,,
https://www.arte-refact.com/works/24698/,https://www.arte-refact.com/wp-core/wp-content/uploads/2024/11/ATOMOSUREINN_H1_RGB.jpg,2024-11-27,,Astro Dive（アストロダイブ）「Astro Dive First Message -ATOMOSUREINN-」,astro-dive-astro-dive-first-message-atomosureinn,mix,,,
https://www.arte-refact.com/works/24472/,https://www.arte-refact.com/wp-core/wp-content/uploads/2024/11/71XZjrRiWL._AC_SL1300_.jpg,2024-11-20,,TVアニメ『甘神さんちの縁結び』キャラクターソングミニアルバム「君に恋を結んで」,tv-anime-amagami-san-chi-no-enmusubi-character-song-mini-album-kimi-ni-koi-wo-musunde,mix,,,
https://www.arte-refact.com/works/24439/,https://www.arte-refact.com/wp-core/wp-content/uploads/2024/11/GVG0LWtbgAA2Cf4.jpg,2024-11-13,,『プリパラ ソング♪コレクション Melody Moments!』,pripara-song-collection-melody-moments,mix,,,
https://www.arte-refact.com/works/24435/,https://www.arte-refact.com/wp-core/wp-content/uploads/2024/11/GVG0LWtbAAAFCOq.jpg,2024-11-13,,『アイドルランドプリパラ ソング♪コレクション OPEN DREAM LAND!』,idol-land-pripara-song-collection-open-dream-land,mix,,,
https://www.arte-refact.com/works/24390/,https://www.arte-refact.com/wp-core/wp-content/uploads/2024/11/d94a8e75d45bcfd8014da5aff4d1ab23.jpg,2024-11-01,,『CAFE CINNAMON』アレンジCD「ES idol songs Cinnamon arrange selection Vol.5」,cafe-cinnamon-arrange-cd-es-idol-songs-cinnamon-arrange-selection-vol-5,mix,,,
https://www.arte-refact.com/works/24305/,https://www.arte-refact.com/wp-core/wp-content/uploads/2024/10/16756-5887-19580d6c3ce328a19e6bb1e92d6ab4a9-1000x1000-1.jpg,2024-11-01,,『エリオスライジングヒーローズ』×『あんさんぶるスターズ！！』コラボ楽曲「We Are Light」,helios-rising-heroes-x-ensemble-stars-collab-song-we-are-light,mix,,,
https://www.arte-refact.com/works/25323/,https://www.arte-refact.com/wp-core/wp-content/uploads/2024/12/maxresdefault.jpg,2024-10-27,,夢限大みゅーたいぷ オリジナル楽曲「新人類は仮想世界の夢を見るか？ 」,mugen-dai-mu-type-original-song-shinjinrui-wa-kasou-sekai-no-yume-wo-miru-ka,mix,,,
https://www.arte-refact.com/works/23990/,https://www.arte-refact.com/wp-core/wp-content/uploads/2024/10/GY8fkS8bAAQuijl.jpg,2024-10-25,,『遥かなるニライカナイ』「遥かなるニライカナイ-Complete Soundtrack-」,haruka-naru-nirai-kanai-complete-soundtrack,mix,,,
https://www.arte-refact.com/works/23972/,https://www.arte-refact.com/wp-core/wp-content/uploads/2024/10/GRpu5mYbMAAo1Ie.jpg,2024-10-25,,『遥かなるニライカナイ』,haruka-naru-nirai-kanai-op-ed-theme,mix,,,
https://www.arte-refact.com/works/23475/,https://www.arte-refact.com/wp-core/wp-content/uploads/2024/10/1-10.jpg,2024-10-23,,『開放空間：Over Field』,kaihou-kuukan-over-field-character-image-song,mix,,,
https://www.arte-refact.com/works/23946/,https://www.arte-refact.com/wp-core/wp-content/uploads/2024/10/71q13dNTebL._AC_SL1013_.jpg,2024-10-16,,宝鐘マリン 1stアルバム『Ahoy!! キミたちみんなパイレーツ♡』,houshou-marine-1st-album-ahoy-kimitachi-minna-pirates,mix,,,
https://www.arte-refact.com/works/23663/,https://www.arte-refact.com/wp-core/wp-content/uploads/2024/10/yarinaoshireijo0909_1.jpg,2024-10-09,,TVアニメ『やり直し令嬢は竜帝陛下を攻略中』エンディング主題歌「gradation」,tv-anime-yarinaoshi-reijou-wa-ryuutei-heika-wo-kouryaku-chuu-ending-theme-gradation,mix,,,
https://www.arte-refact.com/works/23641/,https://www.arte-refact.com/wp-core/wp-content/uploads/2024/10/GXL_s5Aa4AAIVEx-scaled.jpg,2024-10-09,,TVアニメ【推しの子】『キャラクターソングCD Vol.04.5』,tv-anime-oshi-no-ko-character-song-cd-vol-04-5,mix,,,
https://www.arte-refact.com/works/23043/,https://www.arte-refact.com/wp-core/wp-content/uploads/2024/10/71HjKZgdQGL._AC_SL1000_.jpg,2024-10-09,,TVアニメ【推しの子】第2期「キャラクターソングCDVol.04」,tv-anime-oshi-no-ko-season-2-character-song-cd-vol-04,mix,,,
https://www.arte-refact.com/works/22721/,https://www.arte-refact.com/wp-core/wp-content/uploads/2024/10/71uTW6b82L._AC_SL1002_.jpg,2024-09-27,,『HELIOS Rising Heroes』GoldenXXsection VS LILIAN,helios-rising-heroes-goldenxxsection-vs-lilian,mix,,,
https://www.arte-refact.com/works/22698/,https://www.arte-refact.com/wp-core/wp-content/uploads/2024/10/flower-rhapsody.jpg,2024-09-25,,さくらみこ 1stアルバム『flower rhapsody』,sakura-miko-1st-album-flower-rhapsody,mix,,,
https://www.arte-refact.com/works/22648/,https://www.arte-refact.com/wp-core/wp-content/uploads/2024/09/58ced8645b3590cbce39715a69f533062ca8cc552015349942d6fcfa04a99400.jpg,2024-09-18,,TVアニメ『時々ボソッとロシア語でデレる隣のアーリャさん』,tv-anime-tokidoki-bosotto-russia-go-de-dereru-tonari-no-alya-san-ed,mix,,,
https://www.arte-refact.com/works/22644/,https://www.arte-refact.com/wp-core/wp-content/uploads/2024/10/HowaboutPaipaiMask-300x300-1.png,2024-09-15,,宝鐘マリン 新曲「パイパイ仮面でどうかしらん？」,houshou-marine-new-song-paipai-kamen-de-doukashiran,mix,,,
https://www.arte-refact.com/works/21854/,https://www.arte-refact.com/wp-core/wp-content/uploads/2024/09/715qc4DQN6L._AC_SL1024_.jpg,2024-09-04,,劇場版『乙女ゲームの破滅フラグしかない悪役令嬢に転生してしまった…』,movie-otome-game-no-hametsu-flag-shika-nai-akuyaku-reijou-ni-tensei-shiteshimatta-blu-ray-tokuten-disc,mix,,,
https://www.arte-refact.com/works/21180/,https://www.arte-refact.com/wp-core/wp-content/uploads/2024/09/81uGQi3bnPL._AC_SL1500_.jpg,2024-08-28,,TVアニメ『杖と剣のウィストリア』ED主題歌、TRUE New Single「フローズン」,tv-anime-tsue-to-tsurugi-no-wistoria-ed-theme-true-frozen,mix,,,
https://www.arte-refact.com/works/21171/,https://www.arte-refact.com/wp-core/wp-content/uploads/2024/09/88c17778bfa138af1e537925364a0b11.jpg,2024-08-25,,澤村 光彩の3rdデジタルシングル『限界ロストワールド』,sawamura-kirari-3rd-digital-single-genkai-lost-world,mix,,,
https://www.arte-refact.com/works/21168/,https://www.arte-refact.com/wp-core/wp-content/uploads/2024/09/71BYVSjJJOL._AC_SL1001_.jpg,2024-08-23,,『HELIOS Rising Heroes』THIRD SEASON 「First Storm」THEME SONG,helios-rising-heroes-third-season-first-storm-theme-song,mix,,,
https://www.arte-refact.com/works/21158/,https://www.arte-refact.com/wp-core/wp-content/uploads/2024/09/81xTNsqOH2L._AC_SL1500_.jpg,2024-08-21,,TVアニメ『ひみつのアイプリ』キャラクターソングミニアルバム VERSE IN SONG 01,tv-anime-himitsu-no-aipri-character-song-mini-album-verse-in-song-01,mix,,,
https://www.arte-refact.com/works/21153/,https://www.arte-refact.com/wp-core/wp-content/uploads/2024/09/GVGbuUebEAAosfe.jpg,2024-08-18,,澤村 光彩 2ndデジタルシングル『憑いていく』,sawamura-kirari-2nd-digital-single-tsuite-iku,mix,,,
https://www.arte-refact.com/works/20463/,https://www.arte-refact.com/wp-core/wp-content/uploads/2024/08/81pe90do-8L._AC_SL1500_.jpg,2024-07-31,,CHiCO 1st Album 『CONTiNUE』,chico-1st-album-continue,mix,,,
https://www.arte-refact.com/works/20451/,https://www.arte-refact.com/wp-core/wp-content/uploads/2024/08/jacket_0001.jpg,2024-07-26,,ONGEKI 6th Anniversary CD『Individual on parade!』,ongeki-6th-anniversary-cd-individual-on-parade,mix,,,
https://www.arte-refact.com/works/20370/,https://www.arte-refact.com/wp-core/wp-content/uploads/2024/08/7109Y9JLX0L._AC_SL1168_.jpg,2024-07-24,,劇団『ドラマティカ』ACT3／カラ降るワンダフル！,gekidan-dramatica-act3-kara-furu-wonderful-blu-ray,mix,,,
https://www.arte-refact.com/works/20367/,https://www.arte-refact.com/wp-core/wp-content/uploads/2024/08/71px68s7zjL._AC_SL1020_.jpg,2024-07-24,,劇団『ドラマティカ』ACT3／カラ降るワンダフル！Sound Collection,gekidan-dramatica-act3-kara-furu-wonderful-sound-collection,mix,,,
https://www.arte-refact.com/works/20118/,https://www.arte-refact.com/wp-core/wp-content/uploads/2024/08/GQb8wKaasAARbrd.jpg,2024-06-19,,澤村 光彩 1stデジタルシングル『致死量ダーリン』,sawamura-kirari-1st-digital-single-chishiryou-darling,mix,,,
https://www.arte-refact.com/works/20106/,https://www.arte-refact.com/wp-core/wp-content/uploads/2024/08/81fzA1O35HL._AC_SL1500_.jpg,2024-06-12,,古川慎コンセプトシングル『カレイドスコープ』【通常盤】,furukawa-makoto-concept-single-kaleidoscope-regular-edition,mix,,,
https://www.arte-refact.com/works/20103/,https://www.arte-refact.com/wp-core/wp-content/uploads/2024/08/81OYetABSgL._AC_SL1500_.jpg,2024-06-12,,古川慎コンセプトシングル『カレイドスコープ』【初回限定盤B】,furukawa-makoto-concept-single-kaleidoscope-limited-edition-b,mix,,,
https://www.arte-refact.com/works/20100/,https://www.arte-refact.com/wp-core/wp-content/uploads/2024/08/71kEa2oQtL._AC_SL1500_.jpg,2024-06-12,,古川慎コンセプトシングル『カレイドスコープ』【初回限定盤A】,furukawa-makoto-concept-single-kaleidoscope-limited-edition-a,mix,,,
https://www.arte-refact.com/works/20092/,https://www.arte-refact.com/wp-core/wp-content/uploads/2024/08/GPg1PNKbcAArnFC.jpg,2024-06-07,,ホロライブ / 不知火建設 1st EP『scrap ＆ build !』,hololive-shiranui-kensetsu-1st-ep-scrap-and-build,mix,,,
https://www.arte-refact.com/works/20065/,https://www.arte-refact.com/wp-core/wp-content/uploads/2024/08/WeareGAMERS.png,2024-05-22,,ホロライブゲーマーズのNew Single「We are GAMERS!!!!」,hololive-gamers-new-single-we-are-gamers,mix,,,
https://www.arte-refact.com/works/20023/,https://www.arte-refact.com/wp-core/wp-content/uploads/2024/08/GOUAUwSbYAA64W4.png,2024-05-22,,ミライ小町「Bright Future」,mirai-komachi-new-song-bright-future,mix,,,
https://www.arte-refact.com/works/19945/,https://www.arte-refact.com/wp-core/wp-content/uploads/2024/08/71-uI52u8zL._AC_SL1500_.jpg,2024-04-24,,TVアニメ『転生貴族、鑑定スキルで成り上がる』OP主題歌 TRUE「ブルーデイズ」,tv-anime-tensei-kizoku-kantei-skill-de-nariagaru-op-theme-true-blue-days,mix,,,
https://www.arte-refact.com/works/16837/,https://www.arte-refact.com/wp-core/wp-content/uploads/2024/03/58ced8645b3590cbce39715a69f533062ca8cc552015349942d6fcfa04a99400.jpg,2024-03-07,,名取さな「デビルの証明」,natori-sana-new-song-devil-no-shoumei,mix,,,
https://www.arte-refact.com/works/16789/,https://www.arte-refact.com/wp-core/wp-content/uploads/2024/02/IMG_5462.png,2024-02-27,,Pokémon Day記念動画「POKÉDANCE」,pokemon-day-commemoration-video-pokedance,mix,,,
https://www.arte-refact.com/works/16759/,https://www.arte-refact.com/wp-core/wp-content/uploads/2024/01/GHLlvXsagAAO9z1.jpg,2024-02-16,,優里香「Believe」,yurika-new-single-believe,mix,,,
https://www.arte-refact.com/works/16639/,https://www.arte-refact.com/wp-core/wp-content/uploads/2023/12/F-zvsFsaUAACK_Y.jpg,2024-01-12,,『HELIOS Rising Heroes』主題歌 Vol.3 「アカツキ」,helios-rising-heroes-theme-song-vol-3-akatsuki,mix,,,
https://www.arte-refact.com/works/16615/,https://www.arte-refact.com/wp-core/wp-content/uploads/2024/01/resize_image.jpg,2024-01-10,,角巻わため 3rdアルバム『Hop Step Sheep』,tsunomaki-watame-3rd-album-hop-step-sheep,mix,,,
https://www.arte-refact.com/works/16547/,https://www.arte-refact.com/wp-core/wp-content/uploads/2023/11/E5A4A7E7A59EE3839FE382AA-mio-ookami-night-walk-Cover-Art.jpg,2023-12-07,,大神ミオ 1stアルバム『Night walk』,ookami-mio-1st-album-night-walk,mix,,,
https://www.arte-refact.com/works/16544/,https://www.arte-refact.com/wp-core/wp-content/uploads/2023/12/luz_AMULET_shokai-JK_FIX.jpg,2023-12-06,,luz 5thアルバム『AMULET』,luz-5th-album-amulet,mix,,,
https://www.arte-refact.com/works/16475/,https://www.arte-refact.com/wp-core/wp-content/uploads/2023/11/F_h_bxxbYAEsyDc.png,2023-11-24,,大神ミオ 新曲「カメリア」,ookami-mio-new-song-camellia,mix,,,
https://www.arte-refact.com/works/16445/,https://www.arte-refact.com/wp-core/wp-content/uploads/2023/11/onurvet1_l.jpg,2023-11-15,,羽多野渉 コンセプトミニアルバム「Dawn」,hatano-wataru-concept-mini-album-dawn,mix,,,
https://www.arte-refact.com/works/16408/,https://www.arte-refact.com/wp-core/wp-content/uploads/2023/11/artwork-440x440.jpg,2023-11-05,,『ホロライブ運動会実行委員』 Single「光になれ！」,hololive-undoukai-jikkou-iinkai-single-hikari-ni-nare,mix,,,
https://www.arte-refact.com/works/16365/,https://www.arte-refact.com/wp-core/wp-content/uploads/2023/10/00000326.jpg,2023-10-25,,TVアニメ『スパイ教室』スペシャルエンディングテーマCD File.04,tv-anime-spy-kyoushitsu-special-ending-theme-cd-file-04,mix,,,
https://www.arte-refact.com/works/16323/,https://www.arte-refact.com/wp-core/wp-content/uploads/2023/08/s.jpg,2023-10-18,,小林愛香  Single「グミチュウ」,kobayashi-aika-single-gumi-chuu,mix,,,
https://www.arte-refact.com/works/24710/,https://www.arte-refact.com/wp-core/wp-content/uploads/2024/11/91OUUt8yDYL._AC_SL1013_.jpg,2023-10-11,,鬼頭明里 5thシングル『Magie×Magie』,kitou-akari-5th-single-magie-x-magie,mix,,,
https://www.arte-refact.com/works/16265/,https://www.arte-refact.com/wp-core/wp-content/uploads/2023/09/71nb239upRL._AC_SL1024_.jpg,2023-09-29,,『それは舞い散る桜のように-Re:BIRTH-』,sore-wa-maichiru-sakura-no-you-ni-re-birth,mix,,,
https://www.arte-refact.com/works/16235/,https://www.arte-refact.com/wp-core/wp-content/uploads/2023/09/00000325.jpg,2023-09-27,,TVアニメ『スパイ教室』スペシャルエンディングテーマCD File.03,tv-anime-spy-kyoushitsu-special-ending-theme-cd-file-03,mix,,,
https://www.arte-refact.com/works/16241/,https://www.arte-refact.com/wp-core/wp-content/uploads/2023/09/F6oOFKba8AAcW0r.jpg,2024-09-22,,RIOT MUSIC 松永依織 1stアルバム『White Reflections』,riot-music-matsunaga-iori-1st-album-white-reflections,mix,,,
https://www.arte-refact.com/works/16150/,https://www.arte-refact.com/wp-core/wp-content/uploads/2023/09/PDCN-1938.jpg,2023-09-06,,ホロライブ Blue Journey 1st Album『夜明けのうた』,hololive-blue-journey-1st-album-yoake-no-uta,mix,,,
https://www.arte-refact.com/works/16143/,https://www.arte-refact.com/wp-core/wp-content/uploads/2023/08/71FbeILK8bL._AC_SL1000_.jpg,2023-08-30,,ONGEKI 5th Anniversary CD『夏宵スターマイン』,ongeki-5th-anniversary-cd-natsuyoi-star-mine,mix,,,
https://www.arte-refact.com/works/16113/,https://www.arte-refact.com/wp-core/wp-content/uploads/2023/08/FyGDd2ZaAAAUuTn.jpg,2023-08-23,,『HELIOS Rising Heroes』Sing in the darkness 「FACTS ERROR」／「dawn light」,helios-rising-heroes-sing-in-the-darkness-facts-error-dawn-light,mix,,,
https://www.arte-refact.com/works/16079/,https://www.arte-refact.com/wp-core/wp-content/uploads/2023/08/F2dG2ecakAAr5oh.jpg,2023-08-02,,さくらみこ EP「heart♡connect」に収録の新曲「アワーツリー」,sakura-miko-ep-heart-connect-our-tree,mix,,,
https://www.arte-refact.com/works/16036/,https://www.arte-refact.com/wp-core/wp-content/uploads/2023/08/yamato-phantasia.png,2023-07-16,,ホロライブ『ヤマトファンタジア(EP)』収録曲「恋文前線」,hololive-yamato-fantasia-ep-koibumi-zensen,mix,,,
https://www.arte-refact.com/works/15937/,https://www.arte-refact.com/wp-core/wp-content/uploads/2023/07/artwork-440x440.jpg,2023-07-08,,ホロライブ5期生（雪花ラミィ / 桃鈴ねね / 獅白ぼたん / 尾丸ポルカ）New Single「Hyper Jumpin'」,hololive-5th-gen-new-single-hyper-jumpin,mix,,,
https://www.arte-refact.com/works/15931/,https://www.arte-refact.com/wp-core/wp-content/uploads/2023/07/tsugai_book_h1_RGB.jpg,2023-07-07,,ドラマCD『幕が下りたら僕らは番』Limtity デビュー曲「EDGE」,drama-cd-maku-ga-oritara-bokura-wa-ban-limtity-debut-song-edge,mix,,,
https://www.arte-refact.com/works/15899/,https://www.arte-refact.com/wp-core/wp-content/uploads/2023/06/411ro1YEZBL._AC_SL1000_.jpg,2023-07-05,,TVアニメ『推しの子』キャラクターソングCD Vol.3,tv-anime-oshi-no-ko-character-song-cd-vol-3,mix,,,
https://www.arte-refact.com/works/15896/,https://www.arte-refact.com/wp-core/wp-content/uploads/2023/06/vol2_5.jpg,2023-07-05,,TVアニメ『推しの子』キャラクターソングCD Vol.2.5,tv-anime-oshi-no-ko-character-song-cd-vol-2-5,mix,,,
https://www.arte-refact.com/works/15893/,https://www.arte-refact.com/wp-core/wp-content/uploads/2023/06/41kHGJSc4RL._AC_SL1000_.jpg,2023-07-05,,TVアニメ『推しの子』キャラクターソングCD Vol.2,tv-anime-oshi-no-ko-character-song-cd-vol-2,mix,,,
https://www.arte-refact.com/works/15890/,https://www.arte-refact.com/wp-core/wp-content/uploads/2023/06/vol1.jpg,2023-07-05,,TVアニメ『推しの子』キャラクターソングCD Vol.1,tv-anime-oshi-no-ko-character-song-cd-vol-1,mix,,,
https://www.arte-refact.com/works/15887/,https://www.arte-refact.com/wp-core/wp-content/uploads/2023/06/Fxm1HF9akAIkLfT.jpg,2023-07-05,,"古川慎 アーティストデビュー5周年記念 6thシングル「""Place your bets""」",furukawa-makoto-artist-debut-5th-anniversary-6th-single-place-your-bets,mix,,,
https://www.arte-refact.com/works/15881/,https://www.arte-refact.com/wp-core/wp-content/uploads/2023/06/81nFXVzUddL._AC_SL1126_.jpg,2023-07-05,,TVアニメ『東京ミュウミュウ にゅ～♡』挿入歌アルバムCD、『東京ミュウミュウ にゅ〜♡』そうにゅ〜か！,tv-anime-tokyo-mew-mew-new-insert-song-album-cd,mix,,,
https://www.arte-refact.com/works/15845/,https://www.arte-refact.com/wp-core/wp-content/uploads/2023/06/artwork-440x4401.jpg,2023-06-29,,ホロライブ5期生（雪花ラミィ / 桃鈴ねね / 獅白ぼたん / 尾丸ポルカ）New Single「Cosmic Wonderful Tour!」,hololive-5th-gen-new-single-cosmic-wonderful-tour,mix,,,
https://www.arte-refact.com/works/15784/,https://www.arte-refact.com/wp-core/wp-content/uploads/2023/06/230412_sub5.png,2023-06-19,,ホロライブ Blue Journey 3rdデジタルシングル「あの日の僕らへ」,hololive-blue-journey-3rd-digital-single-ano-hi-no-bokura-e,mix,,,
https://www.arte-refact.com/works/15804/,https://www.arte-refact.com/wp-core/wp-content/uploads/2023/06/artwork-440x440.jpg,2023-06-17,,ホロライブ5期生（雪花ラミィ / 桃鈴ねね / 獅白ぼたん / 尾丸ポルカ）New Single「Twinkle 4 You」,hololive-5th-gen-new-single-twinkle-4-you,mix,,,
https://www.arte-refact.com/works/15808/,https://www.arte-refact.com/wp-core/wp-content/uploads/2023/06/fc_4500px.png,2023-06-12,,『ホロライブ』所属Vtuber 鷹嶺ルイ オリジナル曲「FIRST CRY」,hololive-takane-lui-original-song-first-cry,mix,,,
https://www.arte-refact.com/works/15758/,https://www.arte-refact.com/wp-core/wp-content/uploads/2023/06/ost2.jpg,2023-06-07,,TVアニメ『吸血鬼すぐ死ぬ』キャラクターソング入りサウンドトラック②,tv-anime-kyuuketsuki-sugu-shinu-character-song-soundtrack-2,mix,,,
https://www.arte-refact.com/works/15734/,https://www.arte-refact.com/wp-core/wp-content/uploads/2023/06/cvrd260.jpg,2024-09-03,,『ホロライブ』所属Vtuber アキ・ローゼンタール オリジナル曲「キミにまつわる運命事情」,hololive-aki-rosenthal-original-song-kimi-ni-matsuwaru-unmei-jijou,mix,,,
https://www.arte-refact.com/works/15708/,https://www.arte-refact.com/wp-core/wp-content/uploads/2023/05/WoM_BD_jk_RGB.jpg,2023-05-31,,舞台『あんさんぶるスターズ！THE STAGE』-Witness of Miracle- [Blu-ray & DVD],stage-ensemble-stars-the-stage-witness-of-miracle-blu-ray-dvd,mix,,,
https://www.arte-refact.com/works/15705/,https://www.arte-refact.com/wp-core/wp-content/uploads/2023/05/resize_image.jpg,2023-05-31,,劇団『ドラマティカ』ACT2／Phantom and Invisible Resonance Sound Collection,gekidan-dramatica-act2-phantom-and-invisible-resonance-sound-collection,mix,,,
https://www.arte-refact.com/works/15711/,https://www.arte-refact.com/wp-core/wp-content/uploads/2023/05/Ft1Y56CaUAEOJXJ.jpg,2023-05-28,,RIOT MUSIC 凪原涼菜 1st EP「断章 – fragment -,riot-music-nagihara-ryona-1st-ep-danshou-fragment,mix,,,
https://www.arte-refact.com/works/15672/,https://www.arte-refact.com/wp-core/wp-content/uploads/2023/05/230412_sub6.png,2023-05-15,,ホロライブ Blue Journey 2ndデジタルシングル「君になりたかった」,hololive-blue-journey-2nd-digital-single-kimi-ni-naritakatta,mix,,,
https://www.arte-refact.com/works/15661/,https://www.arte-refact.com/wp-core/wp-content/uploads/2023/04/LACM-34375.jpg,2023-05-10,,江口拓也 1stシングル『PIZZA SUSHI planet walking』【カーニバル盤（初回生産限定）】,eguchi-takuya-1st-single-pizza-sushi-planet-walking,mix,,,
https://www.arte-refact.com/works/15609/,https://www.arte-refact.com/wp-core/wp-content/uploads/2023/04/91PYNtHXDnL._AC_SL1500_.jpg,2023-04-26,,TVアニメ『彼女が公爵邸に行った理由』EDテーマ「Always and Forever」,tv-anime-kanojo-ga-koushaku-tei-ni-itta-riyuu-ed-theme-always-and-forever,mix,,,
https://www.arte-refact.com/works/15598/,https://www.arte-refact.com/wp-core/wp-content/uploads/2023/04/00000271.jpg,2023-04-26,,TVアニメ「スパイ教室」スペシャルエンディングテーマCD File.02,tv-anime-spy-kyoushitsu-special-ending-theme-cd-file-02,mix,,,
https://www.arte-refact.com/works/15558/,https://www.arte-refact.com/wp-core/wp-content/uploads/2023/04/230412_sub4.png,2023-04-17,,ホロライブ Blue Journey 1stデジタルシングル「僕は独りだ」,hololive-blue-journey-1st-digital-single-boku-wa-hitori-da,mix,,,
